delete_id,keep_id
2349,16
966,16
2640,692
1020,13
822,13
3828,23
3826,23
3827,23
828,82
3860,3861
3865,3864
3866,3864
3862,3863
1184,92
940,941
939,941
884,126
262,128
2615,145
2397,791
1290,791
4396,4395
4394,4393
3877,4393
603,602
4398,4397
1476,4397
285,874
1367,529
2778,111
1172,112
2773,112
876,127
859,131
4599,365
4600,365
4598,365
2694,365
3127,3128
4570,35
850,387
25,2513
564,2513
3540,2513
4543,4542
2143,4542
4541,4542
2535,4542
1099,50
3524,50
4426,4425
1408,2674
2675,2674
617,648
2314,4478
4477,4478
1300,783
154,831
821,14
803,2759
857,119
2322,4525
4526,4525
3093,4525
4527,4525
1925,1924
4647,2509
4646,2509
950,951
945,944
949,948
957,956
4460,4461
4474,4473
991,1090
1091,1090
1050,1049
2170,1049
2363,1049
3102,4490
4489,4490
4491,4490
1053,1054
2168,1056
2077,1056
1057,1056
4512,4511
1059,1058
4583,4514
4496,4495
69,1105
4517,4518
1986,1985
367,1188
1607,1221
1932,1990
1931,1990
1594,1240
1457,1255
2411,776
2386,1299
1348,2920
1387,3168
718,2637
4524,4523
2751,1400
4533,4534
2537,4534
4452,4451
4450,4451
4571,4569
1309,543
1492,1491
1526,1525
1502,3146
4574,4573
1529,1531
1530,1531
824,1662
3094,307
4535,307
2097,4577
826,49
1649,49
4588,4587
4584,4585
1537,1538
1067,1068
3517,830
2715,830
985,830
4614,4612
4613,4612
3039,1596
4554,4553
3090,4553
4610,4611
4615,4617
4616,4617
4604,4605
364,4605
4618,4620
4619,4620
841,1308
1665,1664
3902,1659
3903,1659
2000,2001
2005,2006
4652,4653
1994,1995
1993,1995
2565,228
4459,4457
4458,4457
900,357
4606,994
4608,994
4607,994
4479,4480
4481,4480
954,953
4486,4487
4575,4576
2014,2036
2013,2036
2024,2023
2028,2027
3905,1016
3906,1016
1648,1021
2019,2020
2009,2124
2010,2124
2039,2038
2302,2046
2048,2047
2071,2047
2043,2042
2130,2042
2032,2031
4494,2318
3101,2318
4492,2318
4493,2318
1051,1052
1923,1922
2079,1883
1884,1883
2364,1883
2078,1900
2169,1900
1899,1900
4497,4498
610,2092
2307,2359
2120,2359
2360,2309
4568,2334
2371,2320
2121,2361
42,2372
2562,3665
1580,1237
3539,1651
1239,1591
3033,1591
1179,118
370,1187
2912,2630
2681,2680
2677,2676
2679,2678
2689,2688
2690,2691
1419,2696
2684,2685
2738,4636
2687,2686
3839,2707
1542,3137
4632,2740
2787,2788
2789,2790
2895,1716
1615,1614
1610,1611
1918,1917
3695,1428
2536,4530
4531,4530
4532,4530
4529,4530
3631,3632
3652,2654
3717,3716
936,938
937,938
1389,550
4470,4469
105,3805
2946,3554
943,942
1345,2661
2583,251
2917,1347
3241,3240
4537,2323
4539,2323
4538,2323
1619,3513
1646,3533
3913,3538
3623,3624
3633,3634
3622,3621
3630,3629
3626,3625
3620,3619
4548,2542
4546,2542
4547,2542
3627,3628
3705,3706
3723,3722
3697,3696
3725,3726
1432,3698
3714,3715
2074,1886
1885,1886
3728,3729
1913,1914
1915,1914
1989,1914
4560,4561
3875,3876
3873,3876
3874,3876
3883,1655
3884,1655
3881,3879
3882,3879
1654,3879
3880,3879
946,947
1342,318
1083,1081
1082,1081
1006,1005
1009,1010
1087,1088
997,18
999,18
998,18
996,18
3644,2644
3818,3817
3811,3810
3812,3810
2702,3833
3832,3833
3836,3837
3835,3834
2705,3834
3854,3856
3855,3856
3894,3892
3895,3892
3893,3892
3897,3892
3896,3892
3898,3901
3899,3901
1660,3901
3900,3901
3858,3857
1657,3890
3886,3888
3887,3888
3909,3908
604,605
596,595
593,595
594,595
608,607
589,590
592,590
591,590
597,598
3911,3912
979,980
2362,980
1047,980
1048,980
934,935
926,928
927,928
925,924
923,924
933,932
922,921
615,921
977,975
974,975
976,975
978,975
1891,1892
1074,1075
1073,1075
1898,1897
1066,1065
1934,1933
1930,1929
1928,1929
1935,1936
1937,1936
1991,1936
1945,1946
2275,1946
1908,1907
1942,1941
1992,1941
1940,1941
1911,1912
1904,1903
1952,1951
1947,1948
1949,1950
1608,1609
2105,1963
2385,1298
3844,3843
3845,3843
3849,3846
3848,3846
3847,3846
3853,3850
3852,3850
3851,3850
4483,4482
4485,4484
4500,4499
4467,4466
2985,2986
4626,400
849,386
4552,2142
4551,2142
2549,2329
2108,2329
4528,2373
2497,2496
1395,807
2682,2683
2785,2786
2800,2799
2345,10
2711,3838
1620,3514
3868,3867
2988,2989
929,931
930,931
965,964
1072,1071
1064,1063
1062,1063
1902,1901
1944,1943
4463,4464
600,601
599,601
2944,1358
609,611
1939,1938
960,959
1663,3891
4409,1473
4410,1473
1997,1996
799,2752
2545,4566
3024,1584
4582,4581
4558,4557
4439,4437
4438,4437
303,2332
3807,3808
4443,4441
4442,4441
3483,3465
2984,3488
4549,2544
4550,2544
4555,3091
4556,3091
2531,4562
4544,2534
4545,2534
4446,4447
4445,4447
4455,4454
4503,4504
4501,4502