"public_id","decision","new_url"
"shopnish_products/chilli_paneer_gravy_indochinese_bowl_master_1788697428007","keep",""
"shopnish_products/sensodyne_herbal_multi_care_sensitivity_gel_master_1788697413695","keep",""
"shopnish_products/amulya_dairy_whitener_milk_powder_pou_master_1788697385760","keep",""
"shopnish_products/woolen_sweater_menwomen_master_1788697360444","keep",""
"shopnish_products/feviquick_instant_fast_super_glue_gel_sachet_master_1788697326615","keep",""
"shopnish_products/dabur_pudin_hara_liquid_stomach_relief_master_1788697313877","keep",""
"shopnish_products/logitech_h111_headset_with_mic_master_1788697299597","keep",""
"shopnish_products/mdh_haldi_powder_pure_turmeric_standard_master_1788697244625","keep",""
"shopnish_products/krack_heel_repair_cream_master_1788697200752","keep",""
"shopnish_products/women_blouse_designer_stitch_master_1788697175782","keep",""
"shopnish_products/women_eyeliner_black_waterproof_master_1788697164109","keep",""
"shopnish_products/local_bakery_fresh_pav_bun_multi_pack_master_1788697153864","keep",""
"shopnish_products/chilli_potato_honeycrispy_master_1788697144093","keep",""
"shopnish_products/bnatural_guava_juice_rich_pulp_nutrition_master_1788697130921","keep",""
"shopnish_products/sunsilk_hairfall_solution_yellow_shampoo_large_master_1788696542843","keep",""
"shopnish_products/floor_wiper_big_size_master_1788696524788","keep",""
"shopnish_products/glucond_instant_energy_drink_nimbu_pani_master_1788696511923","keep",""
"shopnish_products/patanjali_iodized_rock_salt_sendha_namak_master_1788696490635","keep",""
"shopnish_products/sunsilk_stunning_black_shine_shampoo_sachet_master_1788696478007","keep",""
"shopnish_products/wild_stone_code_titanium_body_perfume_men_master_1788696463859","keep",""
"shopnish_products/pantene_advanced_hairfall_solution_shampoo_master_1788696409986","keep",""
"shopnish_products/women_smart_watch_basic_model_master_1788696394837","keep",""
"shopnish_products/patanjali_jaggery_powder_pure_natural_shakkar_master_1788696351852","keep",""
"shopnish_products/pampers_active_baby_diapers_l_master_1788696330840","keep",""
"shopnish_products/harpic_toilet_cleaner_power_plus_rose_master_1788696308042","keep",""
"shopnish_products/catch_garam_masala_premium_powder_master_1788696289979","keep",""
"shopnish_products/listerine_cool_mint_antiseptic_mouthwash_master_1788696231886","keep",""
"shopnish_products/gagan_refined_soyabean_oil_light_pouch_master_1788696218855","keep",""
"shopnish_products/fiber_plastic_transparent_chaddar_8_feet_master_1788696208738","keep",""
"shopnish_products/premium_chocolate_brownie_cake_master_1788696176717","keep",""
"shopnish_products/glucosed_powder_master_1788696161615","keep",""
"shopnish_products/britannia_tiger_crunch_glucose_biscuits_master_1788696104869","keep",""
"shopnish_products/mens_stainless_steel_analogue_quartz_wristwatch_master_1788696089902","keep",""
"shopnish_products/gala_kitchen_wiper_mini_soft_blade_master_1788696068107","keep",""
"shopnish_products/amul_kool_cafe_mocha_milk_drink_can_master_1788696014914","keep",""
"shopnish_products/women_scarf_silk_printed_master_1788696002333","keep",""
"shopnish_products/dal_bati_churma_thali_master_1788695971742","keep",""
"shopnish_products/tata_tea_premium_tea_powder_medium_pack_master_1788695961548","keep",""
"shopnish_products/lizol_floor_cleaner_lavender_fresh_large_master_1788695948843","keep",""
"shopnish_products/lays_indias_magic_masala_chips_party_pack_master_1788695934235","keep",""
"shopnish_products/colgate_kids_barbie_soft_bristles_toothbrush_master_1788695921005","keep",""
"shopnish_products/scrabble_board_game_master_1788695907984","keep",""
"shopnish_products/women_gloves_winter_wool_master_1788695869891","keep",""
"shopnish_products/red_bull_energy_drink_premium_original_master_1788695855695","keep",""
"shopnish_products/goldmedal_spike_guard_multi_plug_4way_board_box_master_1788695832989","keep",""
"shopnish_products/philips_hand_blender_lightweight_250w_master_1788695814023","keep",""
"shopnish_products/lotus_herbals_sunscreen_spf_30_master_1788695799706","keep",""
"shopnish_products/maggi_hot_sweet_tomato_chilli_sauce_pouch_master_1788695755926","keep",""
"shopnish_products/swad_digestive_drops_master_1788695741032","keep",""
"shopnish_products/womens_salwar_suit_set_master_1788695728199","keep",""
"shopnish_products/singapori_chowmein_master_1788695704150","keep",""
"shopnish_products/tata_sampann_unpolished_kabuli_chana_large_master_1788695660593","keep",""
"shopnish_products/bambino_vermicelli_long_nonroasted_big_master_1788695647864","keep",""
"shopnish_products/real_fruit_power_guava_juicy_fiber_rich_master_1788695628661","keep",""
"shopnish_products/britannia_good_day_cashew_family_value_pack_master_1788695580892","keep",""
"shopnish_products/folding_iron_bed_khatiapalang_master_1788695568085","keep",""
"shopnish_products/schweppes_ginger_ale_sparkling_drink_mixer_master_1788695553891","keep",""
"shopnish_products/anchor_4way_extension_board_spike_master_1788695539688","keep",""
"shopnish_products/vicky_heavy_tennis_ball_green_cricket_master_1788695528089","keep",""
"shopnish_products/india_gate_basmati_rice_dubar_family_saver_master_1788695488870","keep",""
"shopnish_products/kelloggs_corn_flakes_original_family_saver_master_1788695469701","keep",""
"shopnish_products/himalaya_sparkling_white_herbal_toothpaste_master_1788662916657","keep",""
"shopnish_products/swimming_trunk_men_master_1788662901395","keep",""
"shopnish_products/everest_turmeric_powder_pure_haldi_standard_master_1788662885205","keep",""
"shopnish_products/everest_tikhalal_hot_red_chilli_powder_family_master_1788662853189","keep",""
"shopnish_products/catch_kitchen_king_masala_powder_master_1788662827754","keep",""
"shopnish_products/led_headlight_bulb_h4_master_1788662817711","keep",""
"shopnish_products/kitchen_paper_towels_master_1788662804301","keep",""
"shopnish_products/fortune_chakki_fresh_atta_family_saver_bag_master_1788662788034","keep",""
"shopnish_products/local_loose_groundnut_oil_rich_peanut_aroma_master_1788662775013","keep",""
"shopnish_products/fiama_di_wills_gel_bar_peach_avocado_soap_master_1788662762183","keep",""
"shopnish_products/stainless_steel_pet_bowl_master_1788662747332","keep",""
"shopnish_products/fogg_royal_no_gas_body_spray_for_men_master_1788662722641","keep",""
"shopnish_products/sparx_mens_sports_sandal_ss484_uk9_master_1788662699360","keep",""
"shopnish_products/blue_heaven_liquid_eyeliner_master_1788662686331","keep",""
"shopnish_products/women_makeup_brush_set_10pcs_master_1788662676158","keep",""
"shopnish_products/mens_full_sleeve_cotton_denim_shirt_casual_m_master_1788662652259","keep",""
"shopnish_products/syska_hair_trimmer_for_men_master_1788662642347","keep",""
"shopnish_products/revital_h_daily_health_master_1788662629346","keep",""
"shopnish_products/wild_stone_ultra_sensual_long_lasting_deo_master_1788662600294","keep",""
"shopnish_products/betadine_antiseptic_water_soluble_ointment_master_1788662578469","keep",""
"shopnish_products/aashirvaad_shudh_chakki_atta_family_mega_bag_master_1788662558122","keep",""
"shopnish_products/pigeon_plastic_baby_feeding_bottle_150ml_master_1788662548117","keep",""
"shopnish_products/women_makeup_remover_wipes_master_1788662463192","keep",""
"shopnish_products/tata_tea_premium_teaveda_ayurvedic_chai_master_1788662435803","keep",""
"shopnish_products/induction_base_pressure_cooker_master_1788662425709","keep",""
"shopnish_products/pidilite_fevicol_sh_synthetic_resin_adhesive_master_1788662412646","keep",""
"shopnish_products/handmade_tufted_cotton_accent_area_rug_carpet_master_1788662399479","keep",""
"shopnish_products/fresh_bottle_gourd_long_lauki_master_1788662368376","keep",""
"shopnish_products/lenovo_300_fhd_webcam_dual_mic_vision_master_1788662345252","keep",""
"shopnish_products/sunfeast_bounce_orange_cream_biscuit_medium_master_1788662335148","keep",""
"shopnish_products/local_loose_premium_semolina_clean_suji_master_1788662307415","keep",""
"shopnish_products/plastic_container_set_6_pcs_master_1788662284167","keep",""
"shopnish_products/local_loose_finger_millet_flour_clean_ragi_atta_master_1788662272053","keep",""
"shopnish_products/pringles_potato_chips_original_classic_master_1788662255319","keep",""
"shopnish_products/pears_pure_gentle_glycerin_soap_small_bar_master_1788662241212","keep",""
"shopnish_products/decorative_wall_clock_metal_master_1788662217543","keep",""
"shopnish_products/women_wax_strips_hair_removal_master_1788662205871","keep",""
"shopnish_products/syska_9w_led_inverter_bulb_emergency_master_1788662193531","keep",""
"shopnish_products/lays_classic_salted_potato_chips_party_pack_master_1788662137478","keep",""
"shopnish_products/solo_clear_display_leaf_folder_file_20_pockets_master_1788662106783","keep",""
"shopnish_products/tata_sampann_unpolished_masoor_sabut_whole_stand_master_1788662078292","keep",""
"shopnish_products/maggi_cuppa_masala_instant_noodles_cup_master_1788662050397","keep",""
"shopnish_products/jeera_fizz_spicy_traditional_soda_refreshing_master_1788662025966","keep",""
"shopnish_products/stainless_steel_roti_dabba_master_1788661977716","keep",""
"shopnish_products/dove_cream_beauty_bathing_bar_small_size_master_1788661965314","keep",""
"shopnish_products/involve_your_senses_intense_car_gel_spray_master_1788661951488","keep",""
"shopnish_products/pepsodent_2in1_paste_master_1788661889272","keep",""
"shopnish_products/jbl_go_3_eco_portable_waterproof_speaker_master_1788661877469","keep",""
"shopnish_products/dexolac_stage_2_followup_formula_master_1788661864429","keep",""
"shopnish_products/nycil_cool_herbal_powder_master_1788661849385","keep",""
"shopnish_products/tops_pineapple_jam_glass_jar_master_1788661838661","keep",""
"shopnish_products/mens_casual_cotton_shirt_full_sleeves_master_1788661829000","keep",""
"shopnish_products/heavy_stainless_steel_chain_leash_for_dogs_master_1788661799210","keep",""
"shopnish_products/women_compact_powder_face_finish_master_1788661787363","keep",""
"shopnish_products/catch_black_salt_grinded_pure_kala_namak_master_1788661698230","keep",""
"shopnish_products/figaro_pure_olive_oil_vintage_collection_tin_master_1788661646258","keep",""
"shopnish_products/wd40_multiuse_rust_remover_spray_small_master_1788661634401","keep",""
"shopnish_products/fortune_cottonlite_refined_cottonseed_oil_jar_master_1788661586087","keep",""
"shopnish_products/ladies_eyebrow_razor_trimmer_blades_pack_of_3_master_1788661573336","keep",""
"shopnish_products/gala_steel_scrubber_master_1788661509349","keep",""
"shopnish_products/matcha_green_tea_powder_master_1788661499286","keep",""
"shopnish_products/patanjali_dant_kanti_ayurvedic_family_pack_master_1788661460691","keep",""
"shopnish_products/dabur_amla_hair_oil_core_nourishment_master_1788661445831","keep",""
"shopnish_products/axe_signature_mysterious_no_gas_deodorant_master_1788661412375","keep",""
"shopnish_products/women_beauty_combo_festival_pack_master_1788661399192","keep",""
"shopnish_products/nestle_everyday_dairy_whitener_tin_master_1788661373494","keep",""
"shopnish_products/alpenliebe_gold_caramel_cream_toffee_pack_master_1788661355502","keep",""
"shopnish_products/premium_silicon_transparent_mobile_back_cover_master_1788661330181","keep",""
"shopnish_products/rajdhani_premium_sooji_fine_semolina_medium_master_1788661312633","keep",""
"shopnish_products/ergonomic_office_chair_master_1788661302465","keep",""
"shopnish_products/havells_nicola_ceiling_fan_master_1788661292234","keep",""
"shopnish_products/nivea_creme_smooth_body_lotion_soft_large_master_1788661223327","keep",""
"shopnish_products/organic_turmeric_powder_master_1788661172462","keep",""
"shopnish_products/cadbury_dairy_milk_fruit_and_nut_chocolate_master_1788661157782","keep",""
"shopnish_products/dhara_kachi_ghani_mustard_oil_pack_master_1788661144408","keep",""
"shopnish_products/cadbury_perk_twin_wafer_chocolate_bar_small_master_1788661131427","keep",""
"shopnish_products/wooden_shoe_cleaning_brush_master_1788661104369","keep",""
"shopnish_products/kurkure_solid_masti_twisteez_chatpata_mix_master_1788661091193","keep",""
"shopnish_products/nilons_red_chilli_sauce_bottle_master_1788661065210","keep",""
"shopnish_products/ladies_cotton_plazo_ankle_length_solid_white_master_1788661055166","keep",""
"shopnish_products/paneer_tikka_dry_master_1788661042169","keep",""
"shopnish_products/pears_pure_gentle_transparent_bathing_bar_master_1788661030548","keep",""
"shopnish_products/india_gate_basmati_rice_mini_mogra_pack_master_1788660993305","keep",""
"shopnish_products/livon_hair_serum_master_1788660978316","keep",""
"shopnish_products/bajaj_px_97_torque_cooler_master_1788660968169","keep",""
"shopnish_products/vegetable_chopper_hand_pulled_master_1788660957872","keep",""
"shopnish_products/tata_sampann_unpolished_kala_chana_standard_master_1788660944518","keep",""
"shopnish_products/pooja_agarbatti_stand_stainless_steel_master_1788660917530","keep",""
"shopnish_products/drywall_gypsum_wood_screws_box_15_inch_master_1788660895165","keep",""
"shopnish_products/britannia_good_day_chunkies_chocolate_cookies_master_1788660882482","keep",""
"shopnish_products/chings_secret_singapore_curry_noodles_pack_master_1788660868152","keep",""
"shopnish_products/logitech_k120_wired_usb_keyboard_standard_master_1788660850512","keep",""
"shopnish_products/crayons_wax_colors_set_for_kids_12_shades_master_1788660837532","keep",""
"shopnish_products/johnsons_baby_lotion_soft_smooth_hydration_master_1788660823503","keep",""
"shopnish_products/masala_chaas_butter_milk_master_1788660808274","keep",""
"shopnish_products/rajdhani_premium_kabuli_chana_bold_standard_master_1788660795306","keep",""
"shopnish_products/daawat_super_basmati_rice_ultimate_aroma_master_1788660758560","keep",""
"shopnish_products/mens_regular_fit_denim_jeans_stretchable_32_master_1788660730072","keep",""
"shopnish_products/local_loose_round_tapioca_pearls_clean_sabudana_master_1788660697556","keep",""
"shopnish_products/rin_fabric_liquid_detergent_fresh_wash_bottle_master_1788660687406","keep",""
"shopnish_products/onion__master_1788660674463","keep",""
"shopnish_products/gatorade_orange_sports_fuel_rehydration_master_1788660660221","keep",""
"shopnish_products/ponds_light_moisturiser_cream_soft_touch_med_master_1788660646368","keep",""
"shopnish_products/fresh_pineapple_crown_whole_ananas_master_1788660635067","keep",""
"shopnish_products/redgear_universal_car_mobile_mount_dashboard_master_1788660622481","keep",""
"shopnish_products/pass_pass_mouth_freshener_clean_pack_master_1788660608161","keep",""
"shopnish_products/shahi_gatte_ki_sabji_master_1788634571758","keep",""
"shopnish_products/delicious_fat_spread_culinary_block_master_1788634561742","keep",""
"shopnish_products/saras_fresh_dairy_paneer_block_local_master_1788634548841","keep",""
"shopnish_products/door_curtain_premium_long_9_feet_master_1788634526607","keep",""
"shopnish_products/self_adhesive_kitchen_wallpaper_oil_proof_foil_sheet_master_1788634492670","keep",""
"shopnish_products/local_loose_organic_sugarcane_jaggery_block_gud_master_1788634457646","keep",""
"shopnish_products/sharara_set_designer_master_1788634403677","keep",""
"shopnish_products/modern_abstract_wall_painting_master_1788634364134","keep",""
"shopnish_products/local_loose_white_sugar_medium_crystal_master_1788634346720","keep",""
"shopnish_products/local_loose_broken_wheat_healthy_clean_dalia_master_1788634321628","keep",""
"shopnish_products/saras_pure_desi_ghee_authentic_1l_carton_master_1788634306513","keep",""
"shopnish_products/loose_raw_peanuts_premium_moongfali_dana_master_1788634293765","keep",""
"shopnish_products/lifebuoy_total_soap_master_1788634274824","keep",""
"shopnish_products/sting_energy_drink_berry_blast_premium_master_1788634248997","keep",""
"shopnish_products/mens_athletic_quick_dry_gym_shorts_mesh_l_master_1788634235917","keep",""
"shopnish_products/knorr_classic_chicken_delite_soup_pack_master_1788634220901","keep",""
"shopnish_products/ladies_safety_pins_stainless_steel_golden_set_50_master_1788634188737","keep",""
"shopnish_products/johnsons_baby_bathing_soap_blossom_fragrance_master_1788634174535","keep",""
"shopnish_products/amul_fresh_cream_low_fat_tetra_pack_master_1788634162782","keep",""
"shopnish_products/multipurpose_corner_stand_master_1788634147929","keep",""
"shopnish_products/kissan_fresh_tomato_ketchup_glass_bottle_master_1788634130577","keep",""
"shopnish_products/rajdhani_malki_masoor_split_red_dal_pack_master_1788634097580","keep",""
"shopnish_products/pentel_energel_liquid_gel_pen_premium_blue_master_1788634087514","keep",""
"shopnish_products/nan_pro_stage_1_formula_master_1788634062869","keep",""
"shopnish_products/large_speed_gaming_mouse_pad_extended_edge_master_1788634052699","keep",""
"shopnish_products/alo_frut_kiwi_aloe_vera_healthy_fruit_juice_master_1788634042608","keep",""
"shopnish_products/dell_pro_wireless_keyboard_mouse_km5221w_master_1788634029748","keep",""
"shopnish_products/wall_mounted_study_desk_master_1788634002174","keep",""
"shopnish_products/ambrane_ios_tough_braided_lightning_cable_master_1788633977622","keep",""
"shopnish_products/old_spice_original_shaving_smooth_cream_master_1788633927865","keep",""
"shopnish_products/catch_sprinklers_black_pepper_grinded_can_master_1788633891598","keep",""
"shopnish_products/amul_cheese_spread_plain_creamy_tub_master_1788633878714","keep",""
"shopnish_products/knorr_sweet_corn_veg_instant_soup_master_1788633843266","keep",""
"shopnish_products/ariel_matic_washing_powder_master_1788633828652","keep",""
"shopnish_products/fresh_beetroot_round_salad_chukandar_master_1788633815723","keep",""
"shopnish_products/multislot_memory_card_reader_usb_20_master_1788633797896","keep",""
"shopnish_products/car_floor_mats_7d_design_master_1788633767733","keep",""
"shopnish_products/omron_bp_monitor_blood_pressure_master_1788633694838","keep",""
"shopnish_products/camel_premium_waterproof_ink_bottle_black_master_1788633663936","keep",""
"shopnish_products/saras_fresh_dairy_dahi_daily_pouch_master_1788633627696","keep",""
"shopnish_products/syska_12w_led_bulb_high_brightness_master_1788633600513","keep",""
"shopnish_products/virgin_mojito_mint_master_1788633587615","keep",""
"shopnish_products/rajdhani_urad_whole_black_dal_premium_master_1788633573512","keep",""
"shopnish_products/lshape_clear_folder_a4_master_1788633510532","keep",""
"shopnish_products/nestle_lactogen_2_followup_formula_powder_master_1788633485038","keep",""
"shopnish_products/fresh_spinach_green_leaves_bunch_palak_master_1788633470894","keep",""
"shopnish_products/scrub_pad_big_master_1788633456662","keep",""
"shopnish_products/colgate_maxfresh_blue_peppermint_combo_pack_master_1788625666655","keep",""
"shopnish_products/3m_ia260166342_auto_specialty_car_wash_liquid_master_1788625653736","keep",""
"shopnish_products/cinthol_cool_menthol_intense_fresh_soap_multi_master_1788625641791","keep",""
"shopnish_products/dog_mouth_muzzle_breathable_master_1788625631627","keep",""
"shopnish_products/floor_lamp_modern_design_master_1788625618984","keep",""
"shopnish_products/godrej_aer_pocket_bathroom_gel_fresh_master_1788625607133","keep",""
"shopnish_products/balaji_wafers_tomato_twist_chips_party_pack_master_1788625575884","keep",""
"shopnish_products/iron_roti_tawa_traditional_heavy_master_1788625563103","keep",""
"shopnish_products/waterproof_tirpal_heavy_duty_12x12_feet_master_1788625470095","keep",""
"shopnish_products/nestle_kitkat_chocolate_wafer_share_bag_master_1788625442000","keep",""
"shopnish_products/women_conditioner_smooth_hair_master_1788625431879","keep",""
"shopnish_products/gagan_refined_soyabean_oil_economy_jar_master_1788625421766","keep",""
"shopnish_products/britannia_cheese_cubes_rich_taste_pack_master_1788625408994","keep",""
"shopnish_products/ladies_traditional_silk_dupatta_banarasi_border_master_1788625394680","keep",""
"shopnish_products/good_knight_gold_flash_machine_master_1788625382646","keep",""
"shopnish_products/eveready_led_rechargeable_torch_light_heavy_master_1788625370065","keep",""
"shopnish_products/dabur_babool_ayurvedic_toothpaste_eco_pack_master_1788625323025","keep",""
"shopnish_products/bikaji_aslee_bikaneri_papdi_namkeen_large_master_1788625296241","keep",""
"shopnish_products/godrej_safe_electronic_lock_locker_home_master_1788625282927","keep",""
"shopnish_products/ladies_cotton_saree_petticoat_underskirt_free_size_master_1788625267816","keep",""
"shopnish_products/haldirams_nagpur_kaju_katli_sweets_pack_master_1788625254648","keep",""
"shopnish_products/sunfeast_dark_fantasy_nut_fills_premium_master_1788625216819","keep",""
"shopnish_products/agarbatti_cycle_pure_master_1788625150863","keep",""
"shopnish_products/parle_kismi_toffee_traditional_bar_master_1788625125867","keep",""
"shopnish_products/oralb_shiny_clean_soft_toothbrush_pack_master_1788625111609","keep",""
"shopnish_products/local_loose_whole_wheat_atta_fresh_chakki_master_1788625099981","keep",""
"shopnish_products/vicks_vaporub_cold_relief_ointment_master_1788625086946","keep",""
"shopnish_products/universal_water_resistance_car_cover_silver_master_1788625072386","keep",""
"shopnish_products/mangaldeep_rose_agarbatti_master_1788625059132","keep",""
"shopnish_products/kesh_king_antihairfall_ayurvedic_hair_oil_master_1788625046086","keep",""
"shopnish_products/colgate_zigzag_medium_antibacterial_toothbrush_master_1788625028586","keep",""
"shopnish_products/eno_fruit_salt_fast_acidity_relief_regular_master_1788625017100","keep",""
"shopnish_products/haldirams_nagpur_soan_papdi_festive_pack_master_1788625006657","keep",""
"shopnish_products/women_casual_top_printed_master_1788624966092","keep",""
"shopnish_products/friction_powered_truck_set_master_1788624951800","keep",""
"shopnish_products/amul_taaza_fresh_toned_milk_tetra_pack_master_1788624911785","keep",""
"shopnish_products/good_knight_gold_flash_liquid_vaporizer_master_1788624891415","keep",""
"shopnish_products/neem_tulsi_handwash_master_1788624855062","keep",""
"shopnish_products/pantene_advanced_hairfall_control_shampoo_master_1788624825452","keep",""
"shopnish_products/organic_brown_rice_long_grain_master_1788624807186","keep",""
"shopnish_products/nivia_double_action_sports_ball_air_pump_master_1788624794102","keep",""
"shopnish_products/ponds_dreamflower_fragrant_magic_talc_master_1788624760378","keep",""
"shopnish_products/bikaji_gulab_jamun_sweet_soft_syrup_tin_master_1788624719413","keep",""
"shopnish_products/cello_glass_set_premium_6_pcs_master_1788624705683","keep",""
"shopnish_products/stainless_steel_wire_nails_box_mixed_keelein_master_1788624680620","keep",""
"shopnish_products/mdh_kitchen_king_all_purpose_masala_standard_master_1788624667741","keep",""
"shopnish_products/kurkure_solid_masti_twisteez_snacks_master_1788624653061","keep",""
"shopnish_products/hansaplast_waterproof_medicated_plaster_bandaid_master_1788624599040","keep",""
"shopnish_products/n95_face_mask_master_1788624581797","keep",""
"shopnish_products/pepsodent_germicheck_soft_bristle_toothbrush_master_1788624566915","keep",""
"shopnish_products/tops_tomato_ketchup_fresh_squeeze_master_1788624553880","keep",""
"shopnish_products/women_scarf_printed_cotton_master_1788624479712","keep",""
"shopnish_products/veet_hair_removal_cream_sensitive_skin_master_1788624467851","keep",""
"shopnish_products/tata_sampann_unpolished_red_rajma_premium_master_1788623559617","keep",""
"shopnish_products/kangaro_paper_stapler_heavy_machine_hp45_master_1788623533571","keep",""
"shopnish_products/gowardhan_pure_cow_ghee_authentic_tub_master_1788623500501","keep",""
"shopnish_products/kissan_fresh_tomato_ketchup_family_mega_pouch_master_1788623469984","keep",""
"shopnish_products/mdh_sambhar_masala_authentic_south_blend_small_master_1788623446670","keep",""
"shopnish_products/nivia_heavy_duty_green_tennis_balls_box_master_1788623436477","keep",""
"shopnish_products/zebronics_zebbro_wired_earphones_with_mic_master_1788623400537","keep",""
"shopnish_products/soft_plush_elephant_fluffy_master_1788623367209","keep",""
"shopnish_products/dr_morepen_digital_thermometer_master_1788623357085","keep",""
"shopnish_products/mdh_deggi_mirch_distinct_blend_chilli_standard_master_1788623344227","keep",""
"shopnish_products/fly_ash_cement_bricks__master_1788623313148","keep",""
"shopnish_products/glitter_foam_sheet_pack_for_kids_crafts_multi_master_1788623289984","keep",""
"shopnish_products/bajaj_majesty_steam_iron_master_1788623272195","keep",""
"shopnish_products/honeytus_herbal_cough_syrup_master_1788623222377","keep",""
"shopnish_products/godrej_yummiez_frozen_veg_sweet_corn_pack_master_1788623172155","keep",""
"shopnish_products/fortune_chakki_fresh_wheat_atta_bag_master_1788623152044","keep",""
"shopnish_products/silk_scarf_designer_master_1788623128708","keep",""
"shopnish_products/leggings_ankle_length_master_1788623115694","keep",""
"shopnish_products/mens_wedding_sherwani_master_1788623101079","keep",""
"shopnish_products/laundry_plastic_basket_mesh_design_large_master_1788623077757","keep",""
"shopnish_products/sindoor_powder_redorange_master_1788623064022","keep",""
"shopnish_products/wheatgrass_powder_master_1788623031444","keep",""
"shopnish_products/fortune_rice_bran_health_oil_cooking_jar_master_1788622993629","keep",""
"shopnish_products/syska_9w_led_bulb_base_b22_cool_day_light_master_1788622970033","keep",""
"shopnish_products/philips_multigrooming_trimmer_series_3000_master_1788622959478","keep",""
"shopnish_products/dalda_refined_soyabean_oil_cooking_choice_master_1788622949282","keep",""
"shopnish_products/women_facial_steamer_device_master_1788622937087","keep",""
"shopnish_products/ladies_ankle_length_cotton_thumb_socks_skin_color_master_1788622925349","keep",""
"shopnish_products/kaju_roll_spl_master_1788622915208","keep",""
"shopnish_products/women_handbag_designer_premium_master_1788622902593","keep",""
"shopnish_products/stainless_steel_door_hinges_heavy_duty_kabza_master_1788622854199","keep",""
"shopnish_products/camel_poster_colors_pack_vibrant_6_shades_master_1788622820226","keep",""
"shopnish_products/traditional_khajur_jhadu_fiber_heavy_duty_master_1788622792548","keep",""
"shopnish_products/engage_w2_floral_fresh_body_perfume_women_master_1788622772192","keep",""
"shopnish_products/sensodyne_fresh_mint_sensitivity_toothpaste_master_1788622758760","keep",""
"shopnish_products/lux_velvet_glow_jasmine_soap_small_bar_master_1788622748582","keep",""
"shopnish_products/cherry_blossom_black_shoe_polish_master_1788622722461","keep",""
"shopnish_products/ponds_white_beauty_antispot_day_cream_master_1788622704806","keep",""
"shopnish_products/jk_super_strong_cement_bag_master_1788622676158","keep",""
"shopnish_products/women_kurti_printed_fancy_master_1788622663042","keep",""
"shopnish_products/duracell_aa_batteries_master_1788622652711","keep",""
"shopnish_products/tata_agrico_heavy_duty_steel_hammer_hathoda_master_1788622626358","keep",""
"shopnish_products/steelbird_bike_riding_safety_gloves_pair_master_1788622598673","keep",""
"shopnish_products/nutrela_refined_sunflower_oil_healthy_pouch_master_1788622586029","keep",""
"shopnish_products/ar_flex_kwik_instant_adhesive_cyanoacrylate_master_1788622575653","keep",""
"shopnish_products/hersheys_chocolate_spreads_cocoa_smooth_master_1788622552427","keep",""
"shopnish_products/parle_monaco_salted_crackers_snacks_medium_master_1788622539045","keep",""
"shopnish_products/shree_jung_rodhak_cement_premium_bag_master_1788622508440","keep",""
"shopnish_products/bisleri_mineral_water_bottle_small_pocket_master_1788622459448","keep",""
"shopnish_products/ghadi_detergent_cake_single_heavy_clean_bar_master_1788622435448","keep",""
"shopnish_products/organic_raw_honey_master_1788622420304","keep",""
"shopnish_products/women_gloves_touchscreen_winter_master_1788621609987","keep",""
"shopnish_products/bluerigger_digital_optical_audio_toslink_cab_master_1788621585078","keep",""
"shopnish_products/loose_masoor_dal_malki_red_cleaned_master_1788621570701","keep",""
"shopnish_products/nehru_jacket_modi_jacket_master_1788621558966","keep",""
"shopnish_products/antiskid_rubber_backed_bathroom_runner_rug_master_1788621548938","keep",""
"shopnish_products/gym_neoprene_padded_weight_lifting_wrist_wraps_master_1788621536686","keep",""
"shopnish_products/britannia_bourbon_chocolate_biscuit_medium_master_1788621521995","keep",""
"shopnish_products/drools_focus_adult_super_premium_dry_dog_food_master_1788621508049","keep",""
"shopnish_products/everest_kitchen_king_all_purpose_masala_small_master_1788621490825","keep",""
"shopnish_products/women_kurti_cotton_daily_wear_master_1788621462743","keep",""
"shopnish_products/gift_wrapping_paper_sheet_master_1788621427776","keep",""
"shopnish_products/del_monte_eggless_mayonnaise_creamy_classic_master_1788621407817","keep",""
"shopnish_products/britannia_nutrichoice_digestive_grains_small_master_1788621394731","keep",""
"shopnish_products/parle_monaco_salted_crackers_mini_pack_master_1788621380112","keep",""
"shopnish_products/dove_intense_repair_damage_conditioner_master_1788621366762","keep",""
"shopnish_products/fogg_master_intense_cedar_body_spray_men_master_1788621323729","keep",""
"shopnish_products/fresh_brinjal_bottle_shape_bengan_master_1788621310515","keep",""
"shopnish_products/gowardhan_pure_cow_ghee_easy_squeezy_pack_master_1788621296773","keep",""
"shopnish_products/fresh_sweet_lime_juicy_premium_mosambi_master_1788621282062","keep",""
"shopnish_products/sunfeast_dark_fantasy_bourbon_biscuits_master_1788621267221","keep",""
"shopnish_products/happydent_wave_mint_sugarfree_bottle_master_1788621249227","keep",""
"shopnish_products/bubbles_maker_gun_battery_op_master_1788621217810","keep",""
"shopnish_products/kitchen_set_role_play_toy_master_1788621160013","keep",""
"shopnish_products/loose_makhana_clean_premium_fox_nuts_master_1788621146932","keep",""
"shopnish_products/juda_pin_fancy_master_1788621130869","keep",""
"shopnish_products/wd_blue_1tb_desktop_internal_hard_drive_master_1788621120838","keep",""
"shopnish_products/boat_immortal_im1300_wireless_gaming_cans_master_1788621110787","keep",""
"shopnish_products/magnetic_building_blocks_master_1788621100567","keep",""
"shopnish_products/pet_nail_clipper_with_guard_master_1788621090411","keep",""
"shopnish_products/tata_tea_gold_rich_aroma_tea_premium_medium_master_1788621076982","keep",""
"shopnish_products/women_hair_scrunchie_combo_pack_master_1788621064100","keep",""
"shopnish_products/stainless_steel_ghee_pot_with_spoon_master_1788621049181","keep",""
"shopnish_products/clutcher_large_designer_master_1788621021755","keep",""
"shopnish_products/women_bra_cotton_everyday_master_1788620991182","keep",""
"shopnish_products/local_loose_family_plastic_toothbrush_set_master_1788620975857","keep",""
"shopnish_products/local_loose_fine_gram_flour_pure_besan_master_1788620960875","keep",""
"shopnish_products/dove_oxygen_moisture_soft_care_conditioner_master_1788620950860","keep",""
"shopnish_products/purepet_mackerel_adult_cat_food_master_1788620940675","keep",""
"shopnish_products/braided_pvc_water_connection_hose_pipe_2_feet_master_1788620928032","keep",""
"shopnish_products/paneer_tikka_spicy_pizza_premium_9_inch_master_1788620912131","keep",""
"shopnish_products/gala_toiletex_brush_master_1788620899036","keep",""
"shopnish_products/streax_hair_serum_gloss_master_1788620889007","keep",""
"shopnish_products/mtr_ready_to_eat_gulab_jamun_mix_master_1788620879005","keep",""
"shopnish_products/dell_ms116_wired_optical_mouse_comfort_master_1788620854103","keep",""
"shopnish_products/india_gate_basmati_rice_super_premium_bag_master_1788620814074","keep",""
"shopnish_products/himalaya_complete_care_herbal_toothpaste_master_1788620796887","keep",""
"shopnish_products/monster_energy_drink_original_fuel_green_master_1788620715088","keep",""
"shopnish_products/nestle_cerelac_rice_vegetables_cereal_stage_2_master_1788620681899","keep",""
"shopnish_products/kitchen_chimney_cleaner_spray_master_1788620668928","keep",""
"shopnish_products/fresh_cabbage_green_solid_patta_gobhi_master_1788620653903","keep",""
"shopnish_products/mens_cotton_boxer_shorts_pack_elastic_pack_2_master_1788620641056","keep",""
"shopnish_products/local_loose_handmade_wheat_seviyan_vermicelli_master_1788620612458","keep",""
"shopnish_products/fresh_coconut_water_raw_green_nariyal_master_1788620596235","keep",""
"shopnish_products/loose_sabut_green_cardamom_choti_elaichi_master_1788620582930","keep",""
"shopnish_products/dettol_antiseptic_bathing_soap_medium_bar_master_1788620558139","keep",""
"shopnish_products/logitech_b100_wired_optical_mouse_usb_master_1788620534960","keep",""
"shopnish_products/plastic_cloth_hangers_master_1788620515721","keep",""
"shopnish_products/universal_elastic_polyester_car_window_sunshades_master_1788620500769","keep",""
"shopnish_products/everest_chicken_masala_royal_feast_standard_master_1788620490674","keep",""
"shopnish_products/uala_washing_machine_cleaner_powder_master_1788620423037","keep",""
"shopnish_products/oralb_kids_electric_toothbrush_battery_op_master_1788620354667","keep",""
"shopnish_products/portronics_konnect_core_typec_otg_cable_master_1788620341946","keep",""
"shopnish_products/roti_maker_electric_master_1788620311835","keep",""
"shopnish_products/mens_formal_white_shirt_master_1788620292944","keep",""
"shopnish_products/exo_dishwash_bar_master_1788620275059","keep",""
"shopnish_products/britannia_chezza_pizza_cheese_block_shredded_master_1788620256762","keep",""
"shopnish_products/cadbury_5_star_chocolate_home_treat_pack_master_1788620243825","keep",""